{
    "XGBoost": {
        "metrics": {
            "R": {
                "MAE": 0.9884489077819874,
                "RMSE": 1.2427723735983496,
                "R2": -0.03915652756564958
            },
            "log10_Lambda": {
                "MAE": 0.25157139846747323,
                "RMSE": 0.32028759123624995,
                "R2": 0.6956617467310853
            }
        },
        "runtime_single_ms": 0.07851535891309197
    },
    "DNN": {
        "metrics": {
            "R": {
                "MAE": 0.9591940749132863,
                "RMSE": 1.2075359801235581,
                "R2": 0.018934623322869992
            },
            "log10_Lambda": {
                "MAE": 0.2512061283386862,
                "RMSE": 0.31942465599314973,
                "R2": 0.6972994649814943
            }
        },
        "runtime_single_ms": 0.0021501823707863136
    },
    "Ensemble_BNN": {
        "metrics": {
            "R": {
                "MAE": 0.9597698639987525,
                "RMSE": 1.2095308078915972,
                "R2": 0.015690541160567784
            },
            "log10_Lambda": {
                "MAE": 0.24358366268756296,
                "RMSE": 0.31038778732983696,
                "R2": 0.7141846383623375
            }
        },
        "calibration": {
            "R": {
                "coverage_50_expected": 0.5,
                "coverage_50_actual": 0.4876543209876543,
                "coverage_90_expected": 0.9,
                "coverage_90_actual": 0.891358024691358,
                "ks_stat": 0.0679521915490256,
                "pit_ks_pvalue": 0.001072029305232558
            },
            "log10_Lambda": {
                "coverage_50_expected": 0.5,
                "coverage_50_actual": 0.5185185185185185,
                "coverage_90_expected": 0.9,
                "coverage_90_actual": 0.9049382716049382,
                "ks_stat": 0.028743652231883132,
                "pit_ks_pvalue": 0.5058803515018493
            }
        },
        "runtime_single_ms": 0.20956492718355157
    },
    "Canonical_Predictions": {
        "1.4": {
            "R": {
                "mean": 11.648371466851705,
                "std": 1.181831167954969,
                "median": 11.647760381356848,
                "ci_68_lower": 10.479398715678816,
                "ci_68_upper": 12.823851905654845,
                "ci_90_lower": 9.70038657015641,
                "ci_90_upper": 13.583980845028622
            },
            "Lambda": {
                "mean": 421.1106416288945,
                "std": 334.14307394795713,
                "median": 328.57597130031866,
                "ci_68_lower": 161.09525523163518,
                "ci_68_upper": 667.7964168644351,
                "ci_90_lower": 101.94272613028559,
                "ci_90_upper": 1050.0622606549377
            }
        },
        "2.08": {
            "R": {
                "mean": 12.2163401333137,
                "std": 0.9561389314662522,
                "median": 12.215986940030792,
                "ci_68_lower": 11.269492091226292,
                "ci_68_upper": 13.163485597692585,
                "ci_90_lower": 10.650504259818655,
                "ci_90_upper": 13.794063788341624
            },
            "Lambda": {
                "mean": 35.835316428932025,
                "std": 22.620038546850466,
                "median": 30.220473643211758,
                "ci_68_lower": 17.05609937080736,
                "ci_68_upper": 53.913907960709736,
                "ci_90_lower": 11.787928946478875,
                "ci_90_upper": 78.52582965788787
            }
        }
    },
    "Canonical_ASCII_Table": "\n========================================================================================\n                 PUBLICATION-READY CANONICAL NEUTRON STAR CONSTRAINTS\n========================================================================================\nObservational Quantity        ML Predicted Value (BNN)       Official Collaboration Value\n----------------------------------------------------------------------------------------\nAt M = 1.40 M_sun:\n  Radius (R_1.4)              11.65 \u00b1 1.18 km             11.90 \u00b1 1.40 km  (LIGO GW170817)\n                              [68% CI: 10.48 - 12.82 km]     12.71 \u00b1 1.15 km  (NICER J0030)\n                              \n  Tidal Deformability (L_1.4)  421 \u00b1 334                    300 -190/+420    (LIGO GW170817)\n                              [90% CI: 101 - 1050]           [90% CI: 110 - 720]\n\nAt M = 2.08 M_sun:\n  Radius (R_2.08)             12.22 \u00b1 0.96 km             12.39 \u00b1 0.85 km  (NICER J0740)\n                              [68% CI: 11.27 - 13.16 km]     [68% CI: 11.54 - 13.24 km]\n========================================================================================\n"
}